{"step": 0, "width": 8, "height": 8, "values": [[0.18000932037830353, 0.02195335179567337, 0.0441548228263855, -0.35903874039649963, -0.031627800315618515, 0.025552695617079735, -0.03402993455529213, 0.0703163892030716], [-0.10869500041007996, 0.07373221218585968, 0.0024308583233505487, -0.3837767243385315, -0.030258236452937126, -0.0036811623722314835, -0.09946166723966599, 0.052271801978349686], [-0.10153079777956009, -0.14063601195812225, 0.41483309864997864, 0.29223117232322693, 0.016485754400491714, -0.33997973799705505, 0.10672187060117722, -0.12061408162117004], [0.011999432928860188, -0.004937796853482723, 0.48162636160850525, 0.20353396236896515, 0.0917610228061676, 0.19609178602695465, -0.006410533096641302, 0.2771974503993988], [0.2124689668416977, 0.02557915821671486, 0.045206643640995026, -0.4087299704551697, -0.032895807176828384, 0.029960745945572853, -0.06957146525382996, 0.0891227275133133], [-0.11317513138055801, 0.08026476949453354, 0.003114632098004222, -0.49452951550483704, -0.07070507854223251, -0.003700037719681859, -0.1185387670993805, 0.05835794657468796], [-0.13268916308879852, -0.14201892912387848, 0.45572903752326965, 0.33578336238861084, 0.01697511225938797, -0.3701525628566742, 0.11689094454050064, -0.13838313519954681], [0.01248978078365326, -0.00497920997440815, 0.6688725352287292, 0.27496108412742615, 0.10538282990455627, 0.2081310749053955, -0.007026169449090958, 0.325741171836853]]}